{"cameraMode":{"drawMode":0,"name":"Shaded","section":"Shading Mode"},"sceneLighting":true,"audioPlay":false,"sceneViewState":{"showFog":true,"showMaterialUpdate":false,"showSkybox":true,"showFlares":true,"showImageEffects":true,"showParticleSystems":true},"in2DMode":false,"pivot":{"x":511.61865234375,"y":8.333740234375,"z":-537.99169921875},"rotation":{"x":-0.035510145127773288,"y":-0.9386801719665527,"z":0.10177352279424668,"w":-0.32751449942588808},"size":705.4141235351563,"orthographic":true}